,Predicted
0,increasevolume
1,increasevolume
2,increasevolume
3,increasevolume
4,increasevolume
5,increasevolume
6,increasevolume
7,increasevolume
8,increasevolume
9,increasevolume
10,increasevolume
11,increasevolume
12,increasevolume
13,increasevolume
14,increasevolume
15,increasevolume
16,increasevolume
17,increasevolume
18,increasevolume
19,increasevolume
20,increasevolume
21,increasevolume
22,increasevolume
23,increasevolume
24,increasevolume
25,increasevolume
26,increasevolume
27,increasevolume
28,increasevolume
29,increasevolume
30,increasevolume
31,increasevolume
32,increasevolume
33,increasevolume
34,increasevolume
35,increasevolume
36,increasevolume
37,increasevolume
38,increasevolume
39,increasevolume
40,increasevolume
41,increasevolume
42,increasevolume
43,increasevolume
44,increasevolume
45,increasevolume
46,increasevolume
47,increasevolume
48,increasevolume
49,increasevolume
50,increasevolume
51,increasevolume
52,increasevolume
53,increasevolume
54,increasevolume
55,increasevolume
56,increasevolume
57,increasevolume
58,increasevolume
59,increasevolume
60,increasevolume
61,increasevolume
62,increasevolume
63,increasevolume
64,increasevolume
65,increasevolume
66,increasevolume
67,increasevolume
68,increasevolume
69,increasevolume
70,increasevolume
71,increasevolume
72,increasevolume
73,increasevolume
74,increasevolume
75,increasevolume
76,increasevolume
77,increasevolume
78,increasevolume
79,increasevolume
80,increasevolume
81,increasevolume
82,increasevolume
83,increasevolume
84,increasevolume
85,increasevolume
86,increasevolume
87,increasevolume
88,increasevolume
89,increasevolume
90,increasevolume
91,increasevolume
92,increasevolume
93,increasevolume
94,increasevolume
95,increasevolume
96,increasevolume
97,increasevolume
98,increasevolume
99,increasevolume
100,increasevolume
101,increasevolume
102,increasevolume
103,increasevolume
104,increasevolume
105,increasevolume
106,increasevolume
107,increasevolume
108,increasevolume
109,increasevolume
110,increasevolume
111,increasevolume
112,increasevolume
113,increasevolume
114,increasevolume
115,increasevolume
116,increasevolume
117,increasevolume
118,increasevolume
119,increasevolume
120,increasevolume
121,increasevolume
122,increasevolume
123,increasevolume
124,increasevolume
125,increasevolume
126,increasevolume
127,increasevolume
128,increasevolume
129,increasevolume
130,increasevolume
131,increasevolume
132,increasevolume
133,increasevolume
134,increasevolume
135,increasevolume
136,increasevolume
137,increasevolume
138,increasevolume
139,increasevolume
140,increasevolume
141,increasevolume
142,increasevolume
143,increasevolume
144,increasevolume
145,increasevolume
146,increasevolume
147,increasevolume
148,increasevolume
149,increasevolume
150,increasevolume
151,increasevolume
152,increasevolume
153,increasevolume
154,increasevolume
155,increasevolume
156,increasevolume
157,increasevolume
158,increasevolume
159,increasevolume
160,increasevolume
161,increasevolume
162,increasevolume
163,increasevolume
164,increasevolume
165,increasevolume
166,increasevolume
167,increasevolume
168,increasevolume
169,increasevolume
170,increasevolume
171,increasevolume
172,increasevolume
173,increasevolume
174,increasevolume
175,increasevolume
176,increasevolume
177,increasevolume
178,increasevolume
179,increasevolume
180,increasevolume
181,increasevolume
182,increasevolume
183,increasevolume
184,increasevolume
185,increasevolume
186,increasevolume
187,increasevolume
188,increasevolume
189,increasevolume
190,increasevolume
191,increasevolume
192,increasevolume
193,increasevolume
194,increasevolume
195,increasevolume
196,increasevolume
197,increasevolume
198,increasevolume
199,increasevolume
200,increasevolume
201,increasevolume
202,increasevolume
203,increasevolume
204,increasevolume
205,increasevolume
206,increasevolume
207,increasevolume
208,increasevolume
209,increasevolume
210,increasevolume
211,increasevolume
212,increasevolume
213,increasevolume
214,increasevolume
215,increasevolume
216,increasevolume
217,increasevolume
218,increasevolume
219,increasevolume
220,increasevolume
221,increasevolume
222,increasevolume
223,increasevolume
224,increasevolume
225,increasevolume
226,increasevolume
227,increasevolume
228,increasevolume
229,increasevolume
230,increasevolume
231,increasevolume
232,increasevolume
233,increasevolume
234,increasevolume
235,increasevolume
236,increasevolume
237,increasevolume
238,increasevolume
239,increasevolume
240,increasevolume
241,increasevolume
242,increasevolume
243,increasevolume
244,increasevolume
245,increasevolume
246,increasevolume
247,increasevolume
248,increasevolume
249,increasevolume
250,increasevolume
251,increasevolume
252,increasevolume
253,increasevolume
254,increasevolume
255,increasevolume
256,increasevolume
257,increasevolume
258,increasevolume
259,increasevolume
260,increasevolume
261,increasevolume
262,increasevolume
263,increasevolume
264,increasevolume
265,increasevolume
266,increasevolume
267,increasevolume
268,increasevolume
269,increasevolume
270,increasevolume
271,increasevolume
272,increasevolume
273,increasevolume
274,increasevolume
275,increasevolume
276,increasevolume
277,increasevolume
278,increasevolume
279,increasevolume
280,increasevolume
281,increasevolume
282,increasevolume
283,increasevolume
284,increasevolume
285,increasevolume
286,increasevolume
287,increasevolume
288,increasevolume
289,increasevolume
290,increasevolume
291,increasevolume
292,increasevolume
293,increasevolume
294,increasevolume
295,increasevolume
296,increasevolume
297,increasevolume
298,increasevolume
299,increasevolume
300,increasevolume
301,increasevolume
302,increasevolume
303,increasevolume
304,increasevolume
305,increasevolume
306,increasevolume
307,increasevolume
308,increasevolume
309,increasevolume
310,increasevolume
311,increasevolume
312,increasevolume
313,increasevolume
314,increasevolume
315,increasevolume
316,increasevolume
317,increasevolume
318,increasevolume
319,increasevolume
320,increasevolume
321,increasevolume
322,increasevolume
323,increasevolume
324,increasevolume
325,increasevolume
326,increasevolume
327,increasevolume
328,increasevolume
329,increasevolume
330,increasevolume
331,increasevolume
332,increasevolume
333,increasevolume
334,increasevolume
335,increasevolume
336,increasevolume
337,increasevolume
338,increasevolume
339,increasevolume
340,increasevolume
341,increasevolume
342,increasevolume
343,increasevolume
344,increasevolume
345,increasevolume
346,increasevolume
347,increasevolume
348,increasevolume
349,increasevolume
350,increasevolume
351,increasevolume
352,increasevolume
353,increasevolume
354,increasevolume
355,increasevolume
356,increasevolume
357,increasevolume
358,increasevolume
359,increasevolume
360,increasevolume
361,increasevolume
362,increasevolume
363,increasevolume
364,increasevolume
365,increasevolume
366,increasevolume
367,increasevolume
368,increasevolume
369,increasevolume
370,increasevolume
371,increasevolume
372,increasevolume
373,increasevolume
374,increasevolume
375,increasevolume
376,increasevolume
377,increasevolume
378,increasevolume
379,increasevolume
380,increasevolume
381,increasevolume
382,increasevolume
383,increasevolume
384,increasevolume
385,increasevolume
386,increasevolume
387,increasevolume
388,increasevolume
389,increasevolume
390,increasevolume
391,increasevolume
392,increasevolume
393,increasevolume
394,increasevolume
395,increasevolume
396,increasevolume
397,increasevolume
398,increasevolume
399,increasevolume
400,increasevolume
401,increasevolume
402,increasevolume
403,increasevolume
404,increasevolume
405,increasevolume
406,increasevolume
407,increasevolume
408,increasevolume
409,increasevolume
410,increasevolume
411,increasevolume
412,increasevolume
413,increasevolume
414,increasevolume
415,increasevolume
416,increasevolume
417,increasevolume
418,increasevolume
419,increasevolume
420,increasevolume
421,increasevolume
422,increasevolume
423,increasevolume
424,increasevolume
425,increasevolume
426,increasevolume
427,increasevolume
428,increasevolume
429,increasevolume
430,increasevolume
431,increasevolume
432,increasevolume
433,increasevolume
434,increasevolume
435,increasevolume
436,increasevolume
437,increasevolume
438,increasevolume
439,increasevolume
440,increasevolume
441,increasevolume
442,increasevolume
443,increasevolume
444,increasevolume
445,increasevolume
446,increasevolume
447,increasevolume
448,increasevolume
449,increasevolume
450,increasevolume
451,increasevolume
452,increasevolume
453,increasevolume
454,increasevolume
455,increasevolume
456,increasevolume
457,increasevolume
458,increasevolume
459,increasevolume
460,increasevolume
461,increasevolume
462,increasevolume
463,increasevolume
464,increasevolume
465,increasevolume
466,increasevolume
467,increasevolume
468,increasevolume
469,increasevolume
470,increasevolume
471,increasevolume
472,increasevolume
473,increasevolume
474,increasevolume
475,increasevolume
476,increasevolume
477,increasevolume
478,increasevolume
479,increasevolume
480,increasevolume
481,increasevolume
482,increasevolume
483,increasevolume
484,increasevolume
485,increasevolume
486,increasevolume
487,increasevolume
488,increasevolume
489,increasevolume
490,increasevolume
491,increasevolume
492,increasevolume
493,increasevolume
494,increasevolume
495,increasevolume
496,increasevolume
497,increasevolume
498,increasevolume
499,increasevolume
500,increasevolume
501,increasevolume
502,increasevolume
503,increasevolume
504,increasevolume
505,increasevolume
506,increasevolume
507,increasevolume
508,increasevolume
509,increasevolume
510,increasevolume
511,increasevolume
512,increasevolume
513,increasevolume
514,increasevolume
515,increasevolume
516,increasevolume
517,increasevolume
518,increasevolume
519,increasevolume
520,increasevolume
521,increasevolume
522,increasevolume
523,increasevolume
524,increasevolume
525,increasevolume
526,increasevolume
527,increasevolume
528,increasevolume
529,increasevolume
530,increasevolume
531,increasevolume
532,increasevolume
533,increasevolume
534,increasevolume
535,increasevolume
536,increasevolume
537,increasevolume
538,increasevolume
539,increasevolume
540,increasevolume
541,increasevolume
542,increasevolume
543,increasevolume
544,increasevolume
545,increasevolume
546,increasevolume
547,increasevolume
548,increasevolume
549,increasevolume
550,increasevolume
551,increasevolume
552,increasevolume
553,increasevolume
554,increasevolume
555,increasevolume
556,increasevolume
557,increasevolume
558,increasevolume
559,increasevolume
560,increasevolume
561,increasevolume
562,increasevolume
563,increasevolume
564,increasevolume
565,increasevolume
566,increasevolume
567,increasevolume
568,increasevolume
569,increasevolume
570,increasevolume
571,increasevolume
572,increasevolume
573,increasevolume
574,increasevolume
575,increasevolume
576,increasevolume
577,increasevolume
578,increasevolume
579,increasevolume
580,increasevolume
581,increasevolume
582,increasevolume
583,increasevolume
584,increasevolume
585,increasevolume
586,increasevolume
587,increasevolume
588,increasevolume
589,increasevolume
590,increasevolume
591,increasevolume
592,increasevolume
593,increasevolume
594,increasevolume
595,increasevolume
596,increasevolume
597,increasevolume
598,increasevolume
599,increasevolume
600,increasevolume
601,increasevolume
602,increasevolume
603,increasevolume
604,increasevolume
605,increasevolume
606,increasevolume
607,increasevolume
608,increasevolume
609,increasevolume
610,increasevolume
611,increasevolume
612,increasevolume
613,increasevolume
614,increasevolume
615,increasevolume
616,increasevolume
617,increasevolume
618,increasevolume
619,increasevolume
620,increasevolume
621,increasevolume
622,increasevolume
623,increasevolume
624,increasevolume
625,increasevolume
626,increasevolume
627,increasevolume
628,increasevolume
629,increasevolume
630,increasevolume
631,increasevolume
632,increasevolume
633,increasevolume
634,increasevolume
635,increasevolume
636,increasevolume
637,increasevolume
638,increasevolume
639,increasevolume
640,increasevolume
641,increasevolume
642,increasevolume
643,increasevolume
644,increasevolume
645,increasevolume
646,increasevolume
647,increasevolume
648,increasevolume
649,increasevolume
650,increasevolume
651,increasevolume
652,increasevolume
653,increasevolume
654,increasevolume
655,increasevolume
656,increasevolume
657,increasevolume
658,increasevolume
659,increasevolume
660,increasevolume
661,increasevolume
662,increasevolume
663,increasevolume
664,increasevolume
665,increasevolume
666,increasevolume
667,increasevolume
668,increasevolume
669,increasevolume
670,increasevolume
671,increasevolume
672,increasevolume
673,increasevolume
674,increasevolume
675,increasevolume
676,increasevolume
677,increasevolume
678,increasevolume
679,increasevolume
680,increasevolume
681,increasevolume
682,increasevolume
683,increasevolume
684,increasevolume
685,increasevolume
686,increasevolume
687,increasevolume
688,increasevolume
689,increasevolume
690,increasevolume
691,increasevolume
692,increasevolume
693,increasevolume
694,increasevolume
695,increasevolume
696,increasevolume
697,increasevolume
698,increasevolume
699,increasevolume
700,increasevolume
701,increasevolume
702,increasevolume
703,increasevolume
704,increasevolume
705,increasevolume
706,increasevolume
707,increasevolume
708,increasevolume
709,increasevolume
710,increasevolume
711,increasevolume
712,increasevolume
713,increasevolume
714,increasevolume
715,increasevolume
716,increasevolume
717,increasevolume
718,increasevolume
719,increasevolume
720,increasevolume
721,increasevolume
722,increasevolume
723,increasevolume
724,increasevolume
725,increasevolume
726,increasevolume
727,increasevolume
728,increasevolume
729,increasevolume
730,increasevolume
731,increasevolume
732,increasevolume
733,increasevolume
734,increasevolume
735,increasevolume
736,increasevolume
737,increasevolume
738,increasevolume
739,increasevolume
740,increasevolume
741,increasevolume
742,increasevolume
743,increasevolume
744,increasevolume
745,increasevolume
746,increasevolume
747,increasevolume
748,increasevolume
749,increasevolume
750,increasevolume
751,increasevolume
752,increasevolume
753,increasevolume
754,increasevolume
755,increasevolume
756,increasevolume
757,increasevolume
758,increasevolume
759,increasevolume
760,increasevolume
761,increasevolume
762,increasevolume
763,increasevolume
764,increasevolume
765,increasevolume
766,increasevolume
767,increasevolume
768,increasevolume
769,increasevolume
770,increasevolume
771,increasevolume
772,increasevolume
773,increasevolume
774,increasevolume
775,increasevolume
776,increasevolume
777,increasevolume
778,increasevolume
779,increasevolume
780,increasevolume
781,increasevolume
782,increasevolume
783,increasevolume
784,increasevolume
785,increasevolume
786,increasevolume
787,increasevolume
788,increasevolume
789,increasevolume
790,increasevolume
791,increasevolume
792,increasevolume
793,increasevolume
794,increasevolume
795,increasevolume
796,increasevolume
797,increasevolume
798,increasevolume
799,increasevolume
800,increasevolume
801,increasevolume
802,increasevolume
803,increasevolume
804,increasevolume
805,increasevolume
806,increasevolume
807,increasevolume
808,increasevolume
809,increasevolume
810,increasevolume
811,increasevolume
812,increasevolume
813,increasevolume
814,increasevolume
815,increasevolume
816,increasevolume
817,increasevolume
818,increasevolume
819,increasevolume
820,increasevolume
821,increasevolume
822,increasevolume
823,increasevolume
824,increasevolume
825,increasevolume
826,increasevolume
827,increasevolume
828,increasevolume
829,increasevolume
830,increasevolume
831,increasevolume
832,increasevolume
833,increasevolume
834,increasevolume
835,increasevolume
836,increasevolume
837,increasevolume
838,increasevolume
839,increasevolume
840,increasevolume
841,increasevolume
842,increasevolume
843,increasevolume
844,increasevolume
845,increasevolume
846,increasevolume
847,increasevolume
848,increasevolume
849,increasevolume
850,increasevolume
851,increasevolume
852,increasevolume
853,increasevolume
854,increasevolume
855,increasevolume
856,increasevolume
857,increasevolume
858,increasevolume
859,increasevolume
860,increasevolume
861,increasevolume
862,increasevolume
863,increasevolume
864,increasevolume
865,increasevolume
866,increasevolume
867,increasevolume
868,increasevolume
869,increasevolume
870,increasevolume
871,increasevolume
872,increasevolume
873,increasevolume
874,increasevolume
875,increasevolume
876,increasevolume
877,increasevolume
878,increasevolume
879,increasevolume
880,increasevolume
881,increasevolume
882,increasevolume
883,increasevolume
884,increasevolume
885,increasevolume
886,increasevolume
887,increasevolume
888,increasevolume
889,increasevolume
890,increasevolume
891,increasevolume
892,increasevolume
893,increasevolume
894,increasevolume
895,increasevolume
896,increasevolume
897,increasevolume
898,increasevolume
899,increasevolume
900,increasevolume
901,increasevolume
902,increasevolume
903,increasevolume
904,increasevolume
905,increasevolume
906,increasevolume
907,increasevolume
908,increasevolume
909,increasevolume
910,increasevolume
911,increasevolume
912,increasevolume
913,increasevolume
914,increasevolume
915,increasevolume
916,increasevolume
917,increasevolume
918,increasevolume
919,increasevolume
920,increasevolume
921,increasevolume
922,increasevolume
923,increasevolume
924,increasevolume
925,increasevolume
926,increasevolume
927,increasevolume
928,increasevolume
929,increasevolume
930,increasevolume
931,increasevolume
932,increasevolume
933,increasevolume
934,increasevolume
935,increasevolume
936,increasevolume
937,increasevolume
938,increasevolume
939,increasevolume
940,increasevolume
941,increasevolume
942,increasevolume
943,increasevolume
944,increasevolume
945,increasevolume
946,increasevolume
947,increasevolume
948,increasevolume
949,increasevolume
950,increasevolume
951,increasevolume
952,increasevolume
953,increasevolume
954,increasevolume
955,increasevolume
956,increasevolume
957,increasevolume
958,increasevolume
959,increasevolume
960,increasevolume
961,increasevolume
962,increasevolume
963,increasevolume
964,increasevolume
965,increasevolume
966,increasevolume
967,increasevolume
968,increasevolume
969,increasevolume
970,increasevolume
971,increasevolume
972,increasevolume
973,increasevolume
974,increasevolume
975,increasevolume
976,increasevolume
977,increasevolume
978,increasevolume
979,increasevolume
980,increasevolume
981,increasevolume
982,increasevolume
983,increasevolume
984,increasevolume
985,increasevolume
986,increasevolume
987,increasevolume
988,increasevolume
989,increasevolume
990,increasevolume
991,increasevolume
992,increasevolume
993,increasevolume
994,increasevolume
995,increasevolume
996,increasevolume
997,increasevolume
998,increasevolume
999,increasevolume
1000,increasevolume
1001,increasevolume
1002,increasevolume
1003,increasevolume
1004,increasevolume
1005,increasevolume
1006,increasevolume
1007,increasevolume
1008,increasevolume
1009,increasevolume
1010,increasevolume
1011,increasevolume
1012,increasevolume
1013,increasevolume
1014,increasevolume
1015,increasevolume
1016,increasevolume
1017,increasevolume
1018,increasevolume
1019,increasevolume
1020,increasevolume
1021,increasevolume
1022,increasevolume
1023,increasevolume
1024,increasevolume
1025,increasevolume
1026,increasevolume
1027,increasevolume
1028,increasevolume
1029,increasevolume
1030,increasevolume
1031,increasevolume
1032,increasevolume
1033,increasevolume
1034,increasevolume
1035,increasevolume
1036,increasevolume
1037,increasevolume
1038,increasevolume
1039,increasevolume
1040,increasevolume
1041,increasevolume
1042,increasevolume
1043,increasevolume
1044,increasevolume
1045,increasevolume
1046,increasevolume
1047,increasevolume
1048,increasevolume
1049,increasevolume
1050,increasevolume
1051,increasevolume
1052,increasevolume
1053,increasevolume
1054,increasevolume
1055,increasevolume
1056,increasevolume
1057,increasevolume
1058,increasevolume
1059,increasevolume
1060,increasevolume
1061,increasevolume
1062,increasevolume
1063,increasevolume
1064,increasevolume
1065,increasevolume
1066,increasevolume
1067,increasevolume
1068,increasevolume
1069,increasevolume
1070,increasevolume
1071,increasevolume
1072,increasevolume
1073,increasevolume
1074,increasevolume
1075,increasevolume
1076,increasevolume
1077,increasevolume
1078,increasevolume
1079,increasevolume
1080,increasevolume
1081,increasevolume
1082,increasevolume
1083,increasevolume
1084,increasevolume
1085,increasevolume
1086,increasevolume
1087,increasevolume
1088,increasevolume
1089,increasevolume
1090,increasevolume
1091,increasevolume
1092,increasevolume
1093,increasevolume
1094,increasevolume
1095,increasevolume
1096,increasevolume
1097,increasevolume
1098,increasevolume
1099,increasevolume
1100,increasevolume
1101,increasevolume
1102,increasevolume
1103,increasevolume
1104,increasevolume
1105,increasevolume
1106,increasevolume
1107,increasevolume
1108,increasevolume
1109,increasevolume
1110,increasevolume
1111,increasevolume
1112,increasevolume
1113,increasevolume
1114,increasevolume
1115,increasevolume
1116,increasevolume
1117,increasevolume
1118,increasevolume
1119,increasevolume
1120,increasevolume
1121,increasevolume
1122,increasevolume
1123,increasevolume
1124,increasevolume
1125,increasevolume
1126,increasevolume
1127,increasevolume
1128,increasevolume
1129,increasevolume
1130,increasevolume
1131,increasevolume
1132,increasevolume
1133,increasevolume
1134,increasevolume
1135,increasevolume
1136,increasevolume
1137,increasevolume
1138,increasevolume
1139,increasevolume
1140,increasevolume
1141,increasevolume
1142,increasevolume
1143,increasevolume
1144,increasevolume
1145,increasevolume
1146,increasevolume
1147,increasevolume
1148,increasevolume
1149,increasevolume
1150,increasevolume
1151,increasevolume
1152,increasevolume
1153,increasevolume
1154,increasevolume
1155,increasevolume
1156,increasevolume
1157,increasevolume
1158,increasevolume
1159,increasevolume
1160,increasevolume
1161,increasevolume
1162,increasevolume
1163,increasevolume
1164,increasevolume
1165,increasevolume
1166,increasevolume
1167,increasevolume
1168,increasevolume
1169,increasevolume
1170,increasevolume
1171,increasevolume
1172,increasevolume
1173,increasevolume
1174,increasevolume
1175,increasevolume
1176,increasevolume
1177,increasevolume
1178,increasevolume
1179,increasevolume
1180,increasevolume
1181,increasevolume
1182,increasevolume
1183,increasevolume
1184,increasevolume
1185,increasevolume
1186,increasevolume
1187,increasevolume
1188,increasevolume
1189,increasevolume
1190,increasevolume
1191,increasevolume
1192,increasevolume
1193,increasevolume
1194,increasevolume
1195,increasevolume
1196,increasevolume
1197,increasevolume
1198,increasevolume
1199,increasevolume
1200,increasevolume
1201,increasevolume
1202,increasevolume
1203,increasevolume
1204,increasevolume
1205,increasevolume
1206,increasevolume
1207,increasevolume
1208,increasevolume
1209,increasevolume
1210,increasevolume
1211,increasevolume
1212,increasevolume
1213,increasevolume
1214,increasevolume
1215,increasevolume
1216,increasevolume
1217,increasevolume
1218,increasevolume
1219,increasevolume
1220,increasevolume
1221,increasevolume
1222,increasevolume
1223,increasevolume
1224,increasevolume
1225,increasevolume
1226,increasevolume
1227,increasevolume
1228,increasevolume
1229,increasevolume
1230,increasevolume
1231,increasevolume
1232,increasevolume
1233,increasevolume
1234,increasevolume
1235,increasevolume
1236,increasevolume
1237,increasevolume
1238,increasevolume
1239,increasevolume
1240,increasevolume
1241,increasevolume
1242,increasevolume
1243,increasevolume
1244,increasevolume
1245,increasevolume
1246,increasevolume
1247,increasevolume
1248,increasevolume
1249,increasevolume
1250,increasevolume
1251,increasevolume
1252,increasevolume
1253,increasevolume
1254,increasevolume
1255,increasevolume
1256,increasevolume
1257,increasevolume
1258,increasevolume
1259,increasevolume
1260,increasevolume
1261,increasevolume
1262,increasevolume
1263,increasevolume
1264,increasevolume
1265,increasevolume
1266,increasevolume
1267,increasevolume
1268,increasevolume
1269,increasevolume
1270,increasevolume
1271,increasevolume
1272,increasevolume
1273,increasevolume
1274,increasevolume
1275,increasevolume
1276,increasevolume
1277,increasevolume
1278,increasevolume
1279,increasevolume
1280,increasevolume
1281,increasevolume
1282,increasevolume
1283,increasevolume
1284,increasevolume
1285,increasevolume
1286,increasevolume
1287,increasevolume
1288,increasevolume
1289,increasevolume
1290,increasevolume
1291,increasevolume
1292,increasevolume
1293,increasevolume
1294,increasevolume
1295,increasevolume
1296,increasevolume
1297,increasevolume
1298,increasevolume
1299,increasevolume
1300,increasevolume
1301,increasevolume
1302,increasevolume
1303,increasevolume
1304,increasevolume
1305,increasevolume
1306,increasevolume
1307,increasevolume
1308,increasevolume
1309,increasevolume
1310,increasevolume
1311,increasevolume
1312,increasevolume
1313,increasevolume
1314,increasevolume
1315,increasevolume
1316,increasevolume
1317,increasevolume
1318,increasevolume
1319,increasevolume
1320,increasevolume
1321,increasevolume
1322,increasevolume
1323,increasevolume
1324,increasevolume
1325,increasevolume
1326,increasevolume
1327,increasevolume
1328,increasevolume
1329,increasevolume
1330,increasevolume
1331,increasevolume
1332,increasevolume
1333,increasevolume
1334,increasevolume
1335,increasevolume
1336,increasevolume
1337,increasevolume
1338,increasevolume
1339,increasevolume
1340,increasevolume
1341,increasevolume
1342,increasevolume
1343,increasevolume
1344,increasevolume
1345,increasevolume
1346,increasevolume
1347,increasevolume
1348,increasevolume
1349,increasevolume
1350,increasevolume
1351,increasevolume
1352,increasevolume
1353,increasevolume
1354,increasevolume
1355,increasevolume
1356,increasevolume
1357,increasevolume
1358,increasevolume
1359,increasevolume
1360,increasevolume
1361,increasevolume
1362,increasevolume
1363,increasevolume
1364,increasevolume
1365,increasevolume
1366,increasevolume
1367,increasevolume
1368,increasevolume
1369,increasevolume
1370,increasevolume
1371,increasevolume
1372,increasevolume
1373,increasevolume
1374,increasevolume
1375,increasevolume
1376,increasevolume
1377,increasevolume
1378,increasevolume
1379,increasevolume
1380,increasevolume
1381,increasevolume
1382,increasevolume
1383,increasevolume
1384,increasevolume
1385,increasevolume
1386,increasevolume
1387,increasevolume
1388,increasevolume
1389,increasevolume
1390,increasevolume
1391,increasevolume
1392,increasevolume
1393,increasevolume
1394,increasevolume
1395,increasevolume
1396,increasevolume
1397,increasevolume
1398,increasevolume
1399,increasevolume
1400,increasevolume
1401,increasevolume
1402,increasevolume
1403,increasevolume
1404,increasevolume
1405,increasevolume
1406,increasevolume
1407,increasevolume
1408,increasevolume
1409,increasevolume
1410,increasevolume
1411,increasevolume
1412,increasevolume
1413,increasevolume
1414,increasevolume
1415,increasevolume
1416,increasevolume
1417,increasevolume
1418,increasevolume
1419,increasevolume
1420,increasevolume
1421,increasevolume
1422,increasevolume
1423,increasevolume
1424,increasevolume
1425,increasevolume
1426,increasevolume
1427,increasevolume
1428,increasevolume
1429,increasevolume
1430,increasevolume
1431,increasevolume
1432,increasevolume
1433,increasevolume
1434,increasevolume
1435,increasevolume
1436,increasevolume
1437,increasevolume
1438,increasevolume
1439,increasevolume
1440,increasevolume
1441,increasevolume
1442,increasevolume
1443,increasevolume
1444,increasevolume
1445,increasevolume
1446,increasevolume
1447,increasevolume
1448,increasevolume
1449,increasevolume
1450,increasevolume
1451,increasevolume
1452,increasevolume
1453,increasevolume
1454,increasevolume
