Id,Predicted
0,decreasevolume
1,increaseheat
2,increaseheat
3,increasevolume
4,decreasevolume
5,decreasevolume
6,increasevolume
7,change languagenone
8,increasevolume
9,decreasevolume
10,decreaseheat
11,increasevolume
12,increasevolume
13,decreasevolume
14,decreasevolume
15,increasevolume
16,change languagenone
17,change languagenone
18,increasevolume
19,deactivatelights
20,change languagenone
21,decreasevolume
22,increasevolume
23,decreasevolume
24,decreasevolume
25,activatemusic
26,increasevolume
27,decreaseheat
28,increasevolume
29,increasevolume
30,increasevolume
31,increasevolume
32,change languagenone
33,change languagenone
34,increasevolume
35,deactivatelights
36,activatemusic
37,increaseheat
38,change languagenone
39,increasevolume
40,decreasevolume
41,increasevolume
42,increasevolume
43,increaseheat
44,increasevolume
45,increasevolume
46,decreasevolume
47,change languagenone
48,deactivatelights
49,increasevolume
50,increasevolume
51,increaseheat
52,change languagenone
53,increasevolume
54,decreaseheat
55,increasevolume
56,decreasevolume
57,decreaseheat
58,activatemusic
59,increasevolume
60,increaseheat
61,increasevolume
62,decreasevolume
63,increasevolume
64,increasevolume
65,decreaseheat
66,increasevolume
67,increasevolume
68,deactivatelights
69,activatemusic
70,decreasevolume
71,change languagenone
72,increaseheat
73,increasevolume
74,increaseheat
75,increasevolume
76,change languagenone
77,increasevolume
78,activatemusic
79,increaseheat
80,increaseheat
81,increasevolume
82,decreasevolume
83,change languagenone
84,increasevolume
85,increaseheat
86,increasevolume
87,decreasevolume
88,change languagenone
89,decreasevolume
90,decreaseheat
91,increasevolume
92,decreasevolume
93,increasevolume
94,change languagenone
95,increaseheat
96,increasevolume
97,decreaseheat
98,activatemusic
99,change languagenone
100,increasevolume
101,increasevolume
102,increaseheat
103,deactivatelights
104,decreasevolume
105,decreaseheat
106,change languagenone
107,activatemusic
108,activatemusic
109,change languagenone
110,decreaseheat
111,decreaseheat
112,increasevolume
113,decreasevolume
114,decreasevolume
115,deactivatelights
116,decreaseheat
117,decreasevolume
118,decreaseheat
119,deactivatelights
120,decreaseheat
121,increasevolume
122,change languagenone
123,increasevolume
124,decreaseheat
125,activatemusic
126,increasevolume
127,increaseheat
128,increasevolume
129,increasevolume
130,decreaseheat
131,increaseheat
132,increaseheat
133,increasevolume
134,deactivatelights
135,increasevolume
136,decreaseheat
137,decreaseheat
138,activatemusic
139,decreaseheat
140,activatemusic
141,decreasevolume
142,increasevolume
143,change languagenone
144,change languagenone
145,increasevolume
146,activatemusic
147,change languagenone
148,decreaseheat
149,increasevolume
150,decreasevolume
151,increasevolume
152,decreaseheat
153,increaseheat
154,increasevolume
155,increaseheat
156,increaseheat
157,deactivatelights
158,change languagenone
159,change languagenone
160,increasevolume
161,activatemusic
162,activatemusic
163,decreasevolume
164,change languagenone
165,decreasevolume
166,decreasevolume
167,activatemusic
168,increasevolume
169,decreaseheat
170,change languagenone
171,increasevolume
172,decreasevolume
173,increasevolume
174,decreasevolume
175,increasevolume
176,increasevolume
177,decreasevolume
178,change languagenone
179,decreasevolume
180,increasevolume
181,increaseheat
182,increaseheat
183,decreasevolume
184,increaseheat
185,increasevolume
186,increasevolume
187,activatemusic
188,change languagenone
189,change languagenone
190,increasevolume
191,change languagenone
192,change languagenone
193,increasevolume
194,decreaseheat
195,increasevolume
196,increasevolume
197,decreasevolume
198,activatemusic
199,deactivatelights
200,change languagenone
201,increasevolume
202,increasevolume
203,change languagenone
204,decreaseheat
205,increasevolume
206,decreasevolume
207,decreasevolume
208,increasevolume
209,activatemusic
210,increaseheat
211,decreaseheat
212,increasevolume
213,decreaseheat
214,increasevolume
215,increaseheat
216,decreasevolume
217,decreasevolume
218,decreaseheat
219,increasevolume
220,increaseheat
221,deactivatelights
222,increasevolume
223,increasevolume
224,decreasevolume
225,increaseheat
226,increasevolume
227,decreaseheat
228,increasevolume
229,change languagenone
230,increasevolume
231,decreasevolume
232,increaseheat
233,increasevolume
234,change languagenone
235,decreasevolume
236,decreaseheat
237,increasevolume
238,increasevolume
239,increasevolume
240,decreaseheat
241,activatemusic
242,increasevolume
243,increasevolume
244,increasevolume
245,increasevolume
246,activatemusic
247,increasevolume
248,increasevolume
249,decreasevolume
250,decreaseheat
251,change languagenone
252,increasevolume
253,decreaseheat
254,decreasevolume
255,increasevolume
256,decreaseheat
257,increasevolume
258,decreaseheat
259,decreasevolume
260,change languagenone
261,activatemusic
262,increasevolume
263,increasevolume
264,activatemusic
265,increasevolume
266,decreasevolume
267,change languagenone
268,decreasevolume
269,decreasevolume
270,activatemusic
271,change languagenone
272,decreasevolume
273,increaseheat
274,increasevolume
275,increasevolume
276,decreasevolume
277,decreaseheat
278,increasevolume
279,increasevolume
280,increasevolume
281,decreasevolume
282,decreasevolume
283,change languagenone
284,increasevolume
285,increasevolume
286,increasevolume
287,increaseheat
288,decreaseheat
289,change languagenone
290,increasevolume
291,activatemusic
292,increaseheat
293,increasevolume
294,increaseheat
295,change languagenone
296,decreaseheat
297,change languagenone
298,increasevolume
299,change languagenone
300,decreasevolume
301,activatemusic
302,decreaseheat
303,increasevolume
304,increaseheat
305,change languagenone
306,activatemusic
307,decreasevolume
308,decreaseheat
309,increaseheat
310,decreaseheat
311,decreasevolume
312,increasevolume
313,change languagenone
314,decreasevolume
315,decreasevolume
316,decreasevolume
317,increasevolume
318,increasevolume
319,increasevolume
320,change languagenone
321,decreasevolume
322,change languagenone
323,increasevolume
324,change languagenone
325,increasevolume
326,increasevolume
327,increasevolume
328,deactivatelights
329,decreasevolume
330,decreasevolume
331,decreasevolume
332,change languagenone
333,increaseheat
334,decreasevolume
335,increaseheat
336,deactivatelights
337,decreaseheat
338,decreasevolume
339,increasevolume
340,increaseheat
341,increaseheat
342,increasevolume
343,decreasevolume
344,activatemusic
345,increasevolume
346,increaseheat
347,decreaseheat
348,deactivatelights
349,deactivatelights
350,decreasevolume
351,change languagenone
352,increaseheat
353,increasevolume
354,increasevolume
355,change languagenone
356,decreaseheat
357,decreasevolume
358,activatemusic
359,change languagenone
360,increaseheat
361,change languagenone
362,change languagenone
363,increasevolume
364,decreasevolume
365,decreaseheat
366,increasevolume
367,increasevolume
368,deactivatelights
369,increasevolume
370,increasevolume
371,decreasevolume
372,increasevolume
373,decreaseheat
374,decreasevolume
375,increasevolume
376,decreasevolume
377,increaseheat
378,change languagenone
379,increaseheat
380,change languagenone
381,increasevolume
382,change languagenone
383,activatemusic
384,increasevolume
385,increasevolume
386,increasevolume
387,decreaseheat
388,increaseheat
389,increasevolume
390,decreasevolume
391,decreaseheat
392,decreasevolume
393,change languagenone
394,decreaseheat
395,activatemusic
396,increaseheat
397,increasevolume
398,increaseheat
399,decreaseheat
400,increaseheat
401,increaseheat
402,change languagenone
403,increasevolume
404,increasevolume
405,increaseheat
406,increasevolume
407,increasevolume
408,deactivatelights
409,change languagenone
410,increasevolume
411,increasevolume
412,decreasevolume
413,activatemusic
414,decreasevolume
415,increasevolume
416,increaseheat
417,activatemusic
418,change languagenone
419,change languagenone
420,increasevolume
421,decreasevolume
422,increasevolume
423,increaseheat
424,decreasevolume
425,increaseheat
426,decreasevolume
427,activatemusic
428,increasevolume
429,decreasevolume
430,increasevolume
431,decreaseheat
432,change languagenone
433,activatemusic
434,increaseheat
435,decreasevolume
436,increaseheat
437,decreasevolume
438,change languagenone
439,increasevolume
440,increasevolume
441,activatemusic
442,decreasevolume
443,increaseheat
444,decreaseheat
445,increasevolume
446,decreasevolume
447,decreaseheat
448,increasevolume
449,change languagenone
450,decreaseheat
451,increasevolume
452,increasevolume
453,increaseheat
454,decreaseheat
455,increasevolume
456,increasevolume
457,decreasevolume
458,decreasevolume
459,increaseheat
460,increasevolume
461,decreasevolume
462,decreaseheat
463,increasevolume
464,increaseheat
465,increasevolume
466,increasevolume
467,decreasevolume
468,change languagenone
469,decreasevolume
470,change languagenone
471,increaseheat
472,increaseheat
473,increasevolume
474,increasevolume
475,increasevolume
476,decreaseheat
477,decreasevolume
478,increasevolume
479,decreaseheat
480,increasevolume
481,increasevolume
482,increasevolume
483,increasevolume
484,increasevolume
485,increasevolume
486,increaseheat
487,increasevolume
488,decreasevolume
489,increasevolume
490,change languagenone
491,decreaseheat
492,increasevolume
493,activatemusic
494,change languagenone
495,increaseheat
496,increaseheat
497,increaseheat
498,decreasevolume
499,decreaseheat
500,increaseheat
501,increasevolume
502,decreasevolume
503,increasevolume
504,change languagenone
505,change languagenone
506,decreaseheat
507,increasevolume
508,increasevolume
509,increasevolume
510,decreaseheat
511,increasevolume
512,increasevolume
513,decreaseheat
514,decreaseheat
515,decreasevolume
516,increasevolume
517,decreasevolume
518,decreasevolume
519,activatemusic
520,increasevolume
521,increaseheat
522,change languagenone
523,increasevolume
524,decreasevolume
525,increaseheat
526,activatemusic
527,increasevolume
528,decreaseheat
529,increasevolume
530,increasevolume
531,increasevolume
532,increasevolume
533,decreasevolume
534,decreaseheat
535,change languagenone
536,increaseheat
537,increasevolume
538,increaseheat
539,increasevolume
540,activatemusic
541,increaseheat
542,increasevolume
543,increasevolume
544,increasevolume
545,activatemusic
546,decreasevolume
547,decreasevolume
548,increaseheat
549,change languagenone
550,increasevolume
551,decreaseheat
552,change languagenone
553,decreasevolume
554,change languagenone
555,decreasevolume
556,activatemusic
557,increasevolume
558,decreasevolume
559,increaseheat
560,change languagenone
561,increaseheat
562,deactivatelights
563,decreasevolume
564,change languagenone
565,increaseheat
566,decreasevolume
567,increasevolume
568,increaseheat
569,decreasevolume
570,decreasevolume
571,increasevolume
572,change languagenone
573,increasevolume
574,change languagenone
575,decreasevolume
576,increasevolume
577,increasevolume
578,increasevolume
579,increaseheat
580,decreasevolume
581,increasevolume
582,decreasevolume
583,decreasevolume
584,increasevolume
585,increasevolume
586,decreasevolume
587,decreasevolume
588,increasevolume
589,decreaseheat
590,decreasevolume
591,increasevolume
592,decreasevolume
593,decreaseheat
594,increasevolume
595,increasevolume
596,activatemusic
597,decreasevolume
598,activatemusic
599,increasevolume
600,increasevolume
601,increasevolume
602,increasevolume
603,increasevolume
604,decreasevolume
605,decreaseheat
606,increasevolume
607,decreaseheat
608,decreasevolume
609,change languagenone
610,decreasevolume
611,change languagenone
612,increasevolume
613,activatemusic
614,deactivatelights
615,increasevolume
616,increasevolume
617,increasevolume
618,increasevolume
619,change languagenone
620,decreaseheat
621,decreasevolume
622,decreasevolume
623,decreaseheat
624,decreasevolume
625,decreasevolume
626,decreasevolume
627,change languagenone
628,decreasevolume
629,increasevolume
630,decreasevolume
631,deactivatelights
632,change languagenone
633,increasevolume
634,activatemusic
635,decreasevolume
636,activatemusic
637,decreasevolume
638,decreasevolume
639,decreaseheat
640,decreaseheat
641,increasevolume
642,increasevolume
643,decreaseheat
644,decreaseheat
645,decreasevolume
646,increasevolume
647,increasevolume
648,decreasevolume
649,change languagenone
650,change languagenone
651,change languagenone
652,increaseheat
653,decreasevolume
654,change languagenone
655,decreasevolume
656,decreasevolume
657,increasevolume
658,increasevolume
659,increaseheat
660,increasevolume
661,change languagenone
662,change languagenone
663,increasevolume
664,increaseheat
665,decreasevolume
666,decreasevolume
667,increaseheat
668,change languagenone
669,decreasevolume
670,increasevolume
671,decreaseheat
672,increaseheat
673,activatemusic
674,change languagenone
675,increasevolume
676,change languagenone
677,increasevolume
678,activatemusic
679,activatemusic
680,decreasevolume
681,increaseheat
682,increasevolume
683,decreasevolume
684,change languagenone
685,increasevolume
686,increasevolume
687,change languagenone
688,increasevolume
689,change languagenone
690,increasevolume
691,decreasevolume
692,change languagenone
693,decreaseheat
694,increasevolume
695,increasevolume
696,decreasevolume
697,activatemusic
698,change languagenone
699,increasevolume
700,change languagenone
701,increasevolume
702,change languagenone
703,increasevolume
704,increasevolume
705,activatemusic
706,increaseheat
707,decreaseheat
708,decreasevolume
709,change languagenone
710,decreasevolume
711,decreaseheat
712,decreaseheat
713,increasevolume
714,decreasevolume
715,increasevolume
716,activatemusic
717,decreasevolume
718,increasevolume
719,activatemusic
720,increaseheat
721,change languagenone
722,decreaseheat
723,increaseheat
724,decreasevolume
725,increasevolume
726,increaseheat
727,increasevolume
728,increasevolume
729,decreasevolume
730,increasevolume
731,increasevolume
732,increasevolume
733,decreasevolume
734,decreasevolume
735,increasevolume
736,change languagenone
737,decreaseheat
738,increasevolume
739,increasevolume
740,increasevolume
741,increaseheat
742,change languagenone
743,decreaseheat
744,activatemusic
745,decreasevolume
746,increaseheat
747,decreasevolume
748,change languagenone
749,decreaseheat
750,decreaseheat
751,decreaseheat
752,increaseheat
753,deactivatelights
754,change languagenone
755,increasevolume
756,change languagenone
757,increasevolume
758,activatemusic
759,increasevolume
760,decreaseheat
761,increasevolume
762,increasevolume
763,decreaseheat
764,activatemusic
765,increaseheat
766,decreaseheat
767,change languagenone
768,activatemusic
769,increasevolume
770,decreasevolume
771,change languagenone
772,decreasevolume
773,increaseheat
774,increasevolume
775,increasevolume
776,change languagenone
777,change languagenone
778,deactivatelights
779,activatemusic
780,change languagenone
781,increaseheat
782,increasevolume
783,activatemusic
784,change languagenone
785,change languagenone
786,increaseheat
787,increasevolume
788,decreaseheat
789,decreasevolume
790,activatemusic
791,activatemusic
792,decreaseheat
793,increasevolume
794,increasevolume
795,deactivatelights
796,decreasevolume
797,increasevolume
798,decreasevolume
799,change languagenone
800,increasevolume
801,increasevolume
802,decreasevolume
803,decreasevolume
804,decreasevolume
805,increasevolume
806,deactivatelights
807,change languagenone
808,decreasevolume
809,increasevolume
810,increasevolume
811,increaseheat
812,decreaseheat
813,decreaseheat
814,activatemusic
815,change languagenone
816,decreasevolume
817,decreaseheat
818,decreaseheat
819,change languagenone
820,increasevolume
821,change languagenone
822,increasevolume
823,decreaseheat
824,change languagenone
825,increaseheat
826,increasevolume
827,change languagenone
828,increasevolume
829,increaseheat
830,decreasevolume
831,change languagenone
832,decreasevolume
833,increaseheat
834,activatemusic
835,decreasevolume
836,decreaseheat
837,increasevolume
838,increaseheat
839,increaseheat
840,increasevolume
841,increasevolume
842,deactivatelights
843,increasevolume
844,increasevolume
845,increasevolume
846,increaseheat
847,decreaseheat
848,increasevolume
849,increasevolume
850,increasevolume
851,increasevolume
852,activatemusic
853,change languagenone
854,increasevolume
855,change languagenone
856,change languagenone
857,change languagenone
858,activatemusic
859,increasevolume
860,increasevolume
861,decreasevolume
862,increaseheat
863,increasevolume
864,increasevolume
865,increasevolume
866,increasevolume
867,increasevolume
868,activatemusic
869,deactivatelights
870,change languagenone
871,change languagenone
872,activatemusic
873,activatemusic
874,increasevolume
875,decreaseheat
876,decreaseheat
877,increasevolume
878,increasevolume
879,increasevolume
880,increasevolume
881,increasevolume
882,decreasevolume
883,change languagenone
884,increasevolume
885,increasevolume
886,decreasevolume
887,increaseheat
888,change languagenone
889,deactivatelights
890,increasevolume
891,change languagenone
892,increasevolume
893,increaseheat
894,increaseheat
895,deactivatelights
896,decreaseheat
897,decreaseheat
898,increaseheat
899,increasevolume
900,decreaseheat
901,decreasevolume
902,increaseheat
903,increasevolume
904,change languagenone
905,decreasevolume
906,deactivatelights
907,activatemusic
908,increasevolume
909,activatemusic
910,change languagenone
911,change languagenone
912,decreaseheat
913,increasevolume
914,decreaseheat
915,decreasevolume
916,increasevolume
917,increasevolume
918,increaseheat
919,increasevolume
920,increaseheat
921,increasevolume
922,increasevolume
923,increaseheat
924,decreasevolume
925,increasevolume
926,increaseheat
927,change languagenone
928,change languagenone
929,change languagenone
930,decreaseheat
931,deactivatelights
932,decreaseheat
933,change languagenone
934,change languagenone
935,activatemusic
936,activatemusic
937,activatemusic
938,decreaseheat
939,increasevolume
940,change languagenone
941,increasevolume
942,increaseheat
943,decreasevolume
944,increasevolume
945,increasevolume
946,decreasevolume
947,change languagenone
948,activatemusic
949,decreasevolume
950,activatemusic
951,increasevolume
952,decreaseheat
953,decreasevolume
954,decreasevolume
955,increasevolume
956,increasevolume
957,increasevolume
958,increasevolume
959,deactivatelights
960,increasevolume
961,decreasevolume
962,deactivatelights
963,decreaseheat
964,change languagenone
965,increasevolume
966,increaseheat
967,increasevolume
968,decreasevolume
969,decreaseheat
970,change languagenone
971,decreasevolume
972,increasevolume
973,increasevolume
974,decreaseheat
975,increasevolume
976,decreaseheat
977,change languagenone
978,change languagenone
979,increaseheat
980,increasevolume
981,increasevolume
982,increasevolume
983,decreasevolume
984,change languagenone
985,decreasevolume
986,increasevolume
987,decreasevolume
988,increasevolume
989,increasevolume
990,increaseheat
991,decreasevolume
992,decreaseheat
993,activatemusic
994,decreasevolume
995,increasevolume
996,increasevolume
997,change languagenone
998,increasevolume
999,decreasevolume
1000,increasevolume
1001,increasevolume
1002,change languagenone
1003,deactivatelights
1004,increasevolume
1005,increasevolume
1006,change languagenone
1007,increasevolume
1008,increaseheat
1009,decreasevolume
1010,increasevolume
1011,decreasevolume
1012,decreaseheat
1013,increasevolume
1014,increasevolume
1015,increasevolume
1016,deactivatelights
1017,increasevolume
1018,change languagenone
1019,increasevolume
1020,decreaseheat
1021,activatemusic
1022,decreasevolume
1023,increasevolume
1024,increaseheat
1025,activatemusic
1026,increasevolume
1027,decreasevolume
1028,change languagenone
1029,increasevolume
1030,decreasevolume
1031,increasevolume
1032,decreaseheat
1033,increasevolume
1034,decreasevolume
1035,decreaseheat
1036,increasevolume
1037,increaseheat
1038,increasevolume
1039,increasevolume
1040,change languagenone
1041,increaseheat
1042,change languagenone
1043,increasevolume
1044,activatemusic
1045,increasevolume
1046,decreasevolume
1047,change languagenone
1048,increasevolume
1049,decreasevolume
1050,increasevolume
1051,increasevolume
1052,increasevolume
1053,decreaseheat
1054,increasevolume
1055,decreaseheat
1056,increasevolume
1057,increasevolume
1058,increasevolume
1059,increasevolume
1060,decreasevolume
1061,increasevolume
1062,activatemusic
1063,decreasevolume
1064,increasevolume
1065,increasevolume
1066,increasevolume
1067,increasevolume
1068,decreasevolume
1069,increaseheat
1070,increaseheat
1071,increasevolume
1072,increaseheat
1073,increasevolume
1074,increasevolume
1075,increasevolume
1076,decreasevolume
1077,decreasevolume
1078,decreasevolume
1079,decreaseheat
1080,decreasevolume
1081,change languagenone
1082,increasevolume
1083,decreasevolume
1084,increasevolume
1085,increasevolume
1086,decreasevolume
1087,increasevolume
1088,increasevolume
1089,increaseheat
1090,increasevolume
1091,decreasevolume
1092,decreaseheat
1093,increaseheat
1094,decreaseheat
1095,increasevolume
1096,decreasevolume
1097,increasevolume
1098,change languagenone
1099,increasevolume
1100,increaseheat
1101,decreaseheat
1102,change languagenone
1103,decreasevolume
1104,increasevolume
1105,decreasevolume
1106,increasevolume
1107,increasevolume
1108,increasevolume
1109,increasevolume
1110,change languagenone
1111,increasevolume
1112,change languagenone
1113,activatemusic
1114,increaseheat
1115,increasevolume
1116,increasevolume
1117,activatemusic
1118,decreasevolume
1119,increasevolume
1120,increasevolume
1121,increasevolume
1122,activatemusic
1123,increasevolume
1124,increaseheat
1125,increasevolume
1126,deactivatelights
1127,decreasevolume
1128,change languagenone
1129,decreasevolume
1130,increasevolume
1131,change languagenone
1132,increasevolume
1133,decreasevolume
1134,increaseheat
1135,change languagenone
1136,activatemusic
1137,increasevolume
1138,change languagenone
1139,decreaseheat
1140,increasevolume
1141,increasevolume
1142,increasevolume
1143,activatemusic
1144,activatemusic
1145,increasevolume
1146,increasevolume
1147,decreaseheat
1148,decreasevolume
1149,increasevolume
1150,decreaseheat
1151,decreaseheat
1152,deactivatelights
1153,increasevolume
1154,increasevolume
1155,increasevolume
1156,increaseheat
1157,increasevolume
1158,decreaseheat
1159,decreasevolume
1160,increasevolume
1161,increasevolume
1162,decreasevolume
1163,increasevolume
1164,decreasevolume
1165,decreasevolume
1166,activatemusic
1167,increasevolume
1168,increasevolume
1169,increaseheat
1170,change languagenone
1171,increaseheat
1172,increaseheat
1173,decreasevolume
1174,increaseheat
1175,decreasevolume
1176,change languagenone
1177,decreasevolume
1178,activatemusic
1179,change languagenone
1180,increaseheat
1181,increasevolume
1182,change languagenone
1183,change languagenone
1184,decreasevolume
1185,change languagenone
1186,increaseheat
1187,decreaseheat
1188,increasevolume
1189,increaseheat
1190,decreaseheat
1191,increasevolume
1192,decreaseheat
1193,increasevolume
1194,decreaseheat
1195,increaseheat
1196,decreasevolume
1197,decreaseheat
1198,deactivatelights
1199,increasevolume
1200,increasevolume
1201,increaseheat
1202,increasevolume
1203,increaseheat
1204,activatemusic
1205,activatemusic
1206,decreasevolume
1207,decreasevolume
1208,increasevolume
1209,decreaseheat
1210,activatemusic
1211,deactivatelights
1212,increasevolume
1213,decreasevolume
1214,increaseheat
1215,increasevolume
1216,increasevolume
1217,increasevolume
1218,increasevolume
1219,increasevolume
1220,decreaseheat
1221,decreasevolume
1222,increasevolume
1223,change languagenone
1224,increasevolume
1225,change languagenone
1226,decreaseheat
1227,increasevolume
1228,decreasevolume
1229,increaseheat
1230,change languagenone
1231,decreasevolume
1232,increasevolume
1233,decreaseheat
1234,change languagenone
1235,decreaseheat
1236,change languagenone
1237,increasevolume
1238,decreasevolume
1239,decreaseheat
1240,decreasevolume
1241,increasevolume
1242,activatemusic
1243,change languagenone
1244,change languagenone
1245,increasevolume
1246,deactivatelights
1247,decreasevolume
1248,change languagenone
1249,increasevolume
1250,activatemusic
1251,decreasevolume
1252,increasevolume
1253,increasevolume
1254,decreasevolume
1255,change languagenone
1256,increasevolume
1257,change languagenone
1258,decreasevolume
1259,change languagenone
1260,activatemusic
1261,decreasevolume
1262,decreaseheat
1263,activatemusic
1264,increasevolume
1265,increasevolume
1266,change languagenone
1267,increasevolume
1268,decreasevolume
1269,change languagenone
1270,change languagenone
1271,decreaseheat
1272,increaseheat
1273,activatemusic
1274,increasevolume
1275,change languagenone
1276,activatemusic
1277,increasevolume
1278,decreaseheat
1279,decreaseheat
1280,decreaseheat
1281,decreasevolume
1282,change languagenone
1283,activatemusic
1284,increasevolume
1285,decreasevolume
1286,decreasevolume
1287,increaseheat
1288,increasevolume
1289,increaseheat
1290,decreasevolume
1291,decreasevolume
1292,increasevolume
1293,increasevolume
1294,decreaseheat
1295,increasevolume
1296,increasevolume
1297,increasevolume
1298,increasevolume
1299,change languagenone
1300,decreasevolume
1301,change languagenone
1302,increaseheat
1303,increasevolume
1304,increasevolume
1305,deactivatelights
1306,activatemusic
1307,change languagenone
1308,increasevolume
1309,decreaseheat
1310,activatemusic
1311,increaseheat
1312,activatemusic
1313,decreasevolume
1314,increasevolume
1315,increasevolume
1316,activatemusic
1317,change languagenone
1318,decreasevolume
1319,increasevolume
1320,decreasevolume
1321,change languagenone
1322,increasevolume
1323,decreasevolume
1324,activatemusic
1325,decreasevolume
1326,decreasevolume
1327,increasevolume
1328,decreaseheat
1329,increasevolume
1330,activatemusic
1331,change languagenone
1332,change languagenone
1333,increasevolume
1334,increasevolume
1335,change languagenone
1336,decreasevolume
1337,activatemusic
1338,increasevolume
1339,deactivatelights
1340,decreasevolume
1341,decreasevolume
1342,decreasevolume
1343,increasevolume
1344,increasevolume
1345,increasevolume
1346,change languagenone
1347,increaseheat
1348,increasevolume
1349,increasevolume
1350,activatemusic
1351,decreasevolume
1352,increasevolume
1353,increasevolume
1354,deactivatelights
1355,decreasevolume
1356,activatemusic
1357,increasevolume
1358,increasevolume
1359,activatemusic
1360,increasevolume
1361,increasevolume
1362,decreasevolume
1363,change languagenone
1364,increasevolume
1365,increasevolume
1366,decreaseheat
1367,decreasevolume
1368,increaseheat
1369,decreaseheat
1370,increasevolume
1371,increasevolume
1372,change languagenone
1373,increasevolume
1374,increasevolume
1375,increasevolume
1376,increasevolume
1377,increasevolume
1378,decreaseheat
1379,increasevolume
1380,deactivatelights
1381,increaseheat
1382,decreasevolume
1383,deactivatelights
1384,decreaseheat
1385,increaseheat
1386,increaseheat
1387,decreasevolume
1388,increasevolume
1389,decreaseheat
1390,decreaseheat
1391,decreasevolume
1392,decreaseheat
1393,increaseheat
1394,deactivatelights
1395,increasevolume
1396,increasevolume
1397,increasevolume
1398,increaseheat
1399,increaseheat
1400,increasevolume
1401,increasevolume
1402,increasevolume
1403,change languagenone
1404,increasevolume
1405,change languagenone
1406,increasevolume
1407,decreasevolume
1408,increasevolume
1409,decreaseheat
1410,decreasevolume
1411,increasevolume
1412,deactivatelights
1413,change languagenone
1414,increaseheat
1415,decreaseheat
1416,decreaseheat
1417,decreaseheat
1418,change languagenone
1419,increaseheat
1420,activatemusic
1421,change languagenone
1422,increasevolume
1423,increaseheat
1424,activatemusic
1425,decreaseheat
1426,activatemusic
1427,decreaseheat
1428,increasevolume
1429,increasevolume
1430,activatemusic
1431,increaseheat
1432,increasevolume
1433,increasevolume
1434,decreasevolume
1435,deactivatelights
1436,increasevolume
1437,deactivatelights
1438,increasevolume
1439,increasevolume
1440,decreaseheat
1441,increasevolume
1442,change languagenone
1443,decreasevolume
1444,increasevolume
1445,increasevolume
1446,decreasevolume
1447,activatemusic
1448,decreasevolume
1449,decreasevolume
1450,change languagenone
1451,decreasevolume
1452,increaseheat
1453,decreaseheat
1454,increaseheat
